com.appsecco.dvja.Constant:4,src/main/java/com/appsecco/dvja/Constant.java:4
com.appsecco.dvja.controllers.ApiAction:40,src/main/java/com/appsecco/dvja/controllers/ApiAction.java:40
com.appsecco.dvja.controllers.ApiAction:57,src/main/java/com/appsecco/dvja/controllers/ApiAction.java:57
com.appsecco.dvja.controllers.ApiAction:-1,src/main/java/com/appsecco/dvja/controllers/ApiAction.java:-1
com.appsecco.dvja.controllers.BaseController:75,src/main/java/com/appsecco/dvja/controllers/BaseController.java:75
com.appsecco.dvja.controllers.BaseController:62,src/main/java/com/appsecco/dvja/controllers/BaseController.java:62
com.appsecco.dvja.controllers.Home:-1,src/main/java/com/appsecco/dvja/controllers/Home.java:-1
com.appsecco.dvja.controllers.Home:-1,src/main/java/com/appsecco/dvja/controllers/Home.java:-1
com.appsecco.dvja.controllers.Login:-1,src/main/java/com/appsecco/dvja/controllers/Login.java:-1
com.appsecco.dvja.controllers.PingAction:46,src/main/java/com/appsecco/dvja/controllers/PingAction.java:46
com.appsecco.dvja.controllers.PingAction:48,src/main/java/com/appsecco/dvja/controllers/PingAction.java:48
com.appsecco.dvja.controllers.PingAction:48,src/main/java/com/appsecco/dvja/controllers/PingAction.java:48
com.appsecco.dvja.controllers.PingAction:53,src/main/java/com/appsecco/dvja/controllers/PingAction.java:53
com.appsecco.dvja.controllers.ProductAction:-1,src/main/java/com/appsecco/dvja/controllers/ProductAction.java:-1
com.appsecco.dvja.controllers.ProductAction:-1,src/main/java/com/appsecco/dvja/controllers/ProductAction.java:-1
com.appsecco.dvja.controllers.ProductAction:-1,src/main/java/com/appsecco/dvja/controllers/ProductAction.java:-1
com.appsecco.dvja.controllers.Register:66,src/main/java/com/appsecco/dvja/controllers/Register.java:66
com.appsecco.dvja.controllers.Register:-1,src/main/java/com/appsecco/dvja/controllers/Register.java:-1
com.appsecco.dvja.controllers.ResetPassword:-1,src/main/java/com/appsecco/dvja/controllers/ResetPassword.java:-1
com.appsecco.dvja.controllers.UserAction:-1,src/main/java/com/appsecco/dvja/controllers/UserAction.java:-1
com.appsecco.dvja.controllers.UserAction:-1,src/main/java/com/appsecco/dvja/controllers/UserAction.java:-1
com.appsecco.dvja.models.Product:77,src/main/java/com/appsecco/dvja/models/Product.java:77
com.appsecco.dvja.models.Product:85,src/main/java/com/appsecco/dvja/models/Product.java:85
com.appsecco.dvja.models.Product:81,src/main/java/com/appsecco/dvja/models/Product.java:81
com.appsecco.dvja.models.Product:89,src/main/java/com/appsecco/dvja/models/Product.java:89
com.appsecco.dvja.services.ProductService:48,src/main/java/com/appsecco/dvja/services/ProductService.java:48
com.appsecco.dvja.services.ProductService:44,src/main/java/com/appsecco/dvja/services/ProductService.java:44
com.appsecco.dvja.services.ProductService:51,src/main/java/com/appsecco/dvja/services/ProductService.java:51
com.appsecco.dvja.services.UserService:109,src/main/java/com/appsecco/dvja/services/UserService.java:109
com.appsecco.dvja.services.UserService:90,src/main/java/com/appsecco/dvja/services/UserService.java:90
com.appsecco.dvja.services.UserService:109,src/main/java/com/appsecco/dvja/services/UserService.java:109
com.appsecco.dvja.services.UserService:90,src/main/java/com/appsecco/dvja/services/UserService.java:90
com.appsecco.dvja.services.UserService:75,src/main/java/com/appsecco/dvja/services/UserService.java:75
com.appsecco.dvja.services.UserService:59,src/main/java/com/appsecco/dvja/services/UserService.java:59
